[{"username": "asall", "firstName": "", "lastName": "", "dateOfBirth": "", "friendsList": []}, {"username": "asall", "firstName": "", "lastName": "", "dateOfBirth": "", "friendsList": []}, {"username": "asall", "firstName": "", "lastName": "", "dateOfBirth": "", "friendsList": []}, {"username": "asall", "firstName": "", "lastName": "", "dateOfBirth": "", "friendsList": []}, {"username": "dsds", "firstName": "", "lastName": "", "dateOfBirth": "", "friendsList": []}, {"username": "asall", "firstName": "gfd", "lastName": "vngf", "dateOfBirth": "4445-23-02", "friendsList": []}, {"username": "sall", "firstName": "sow", "lastName": "amadou", "dateOfBirth": "2022-03-03", "friendsList": []}, {"username": "sow", "firstName": "sow", "lastName": "sow", "dateOfBirth": "23380303", "friendsList": []}, {"username": "sow", "firstName": "4", "lastName": "4", "dateOfBirth": "", "friendsList": []}, {"username": "diop", "firstName": "saal", "lastName": "ssdsds", "dateOfBirth": "2022-03-03", "friendsList": []}, {"username": "sy", "firstName": "sall", "lastName": "ousmane", "dateOfBirth": "1999-02-10", "friendsList": []}, {"username": "moussa", "firstName": "sow", "lastName": "idy", "dateOfBirth": "02-10-1999", "friendsList": []}, {"username": "4", "firstName": "& C:/Users/Admin/AppData/Local/Programs/Python/Python310/python.exe c:/Users/Admin/Desktop/TeccSocial/main.py", "lastName": "& C:/Users/Admin/AppData/Local/Programs/Python/Python310/python.exe c:/Users/Admin/Desktop/TeccSocial/main.py", "dateOfBirth": "2", "friendsList": []}, {"username": "sasuke", "firstName": "naruto", "lastName": "snk", "dateOfBirth": "02-19-2022", "friendsList": []}]